Model,Price,Rating
APPLE iPhone 11 (Black, 64 GB),₹49,999,4.6
APPLE iPhone SE (Black, 64 GB),₹31,999,4.5
APPLE iPhone SE (White, 64 GB),₹31,999,4.5
Apple iPhone XR (White, 128 GB) (Includes EarPods, Power Adapter),₹46,999,4.6
APPLE iPhone 11 (Red, 64 GB),₹49,999,4.6
APPLE iPhone 12 (Blue, 64 GB),₹77,900,4.6
Apple iPhone XR (Black, 128 GB) (Includes EarPods, Power Adapter),₹46,999,4.6
APPLE iPhone SE (Black, 128 GB),₹34,999,4.5
APPLE iPhone SE (Red, 64 GB),₹31,999,4.5
APPLE iPhone SE (Red, 128 GB),₹34,999,4.5
Apple iPhone XR ((PRODUCT)RED, 64 GB) (Includes EarPods, Power Adapter),₹41,999,4.6
APPLE iPhone XR (Black, 64 GB),₹41,999,4.6
APPLE iPhone SE (White, 128 GB),₹34,999,4.5
Apple iPhone XR (White, 64 GB) (Includes EarPods, Power Adapter),₹41,999,4.6
APPLE iPhone 12 Mini (White, 128 GB),₹72,900,4.5
APPLE iPhone 12 (White, 128 GB),₹82,900,4.6
Apple iPhone XR (Blue, 64 GB) (Includes EarPods, Power Adapter),₹41,999,4.6
APPLE iPhone 7 Plus (Black, 32 GB),₹36,999,4.5
APPLE iPhone 12 Mini (Purple, 64 GB),₹69,900,4.5
APPLE iPhone 12 Pro (Pacific Blue, 256 GB),₹1,25,900,4.6
APPLE iPhone 12 Mini (Blue, 128 GB),₹72,900,4.5
APPLE iPhone 12 (Purple, 64 GB),₹79,900,4.6
APPLE iPhone 12 Mini (Black, 128 GB),₹72,900,4.5
APPLE iPhone 12 (Red, 128 GB),₹82,900,4.6
